group,k,networks,state_idx,VIS_activation,SMN_activation,DAN_activation,VAN_activation,LIM_activation,FPN_activation,DMN_activation,VIS_zscore,SMN_zscore,DAN_zscore,VAN_zscore,LIM_zscore,FPN_zscore,DMN_zscore,interaction_VIS_activation_raw,interaction_VIS_activation,interaction_SMN_activation_raw,interaction_SMN_activation,interaction_DAN_activation_raw,interaction_DAN_activation,interaction_VAN_activation_raw,interaction_VAN_activation,interaction_LIM_activation_raw,interaction_LIM_activation,interaction_FPN_activation_raw,interaction_FPN_activation,interaction_DMN_activation_raw,interaction_DMN_activation,interaction_VIS-SMN,interaction_VIS-DAN,interaction_VIS-VAN,interaction_VIS-LIM,interaction_VIS-FPN,interaction_VIS-DMN,interaction_SMN-DAN,interaction_SMN-VAN,interaction_SMN-LIM,interaction_SMN-FPN,interaction_SMN-DMN,interaction_DAN-VAN,interaction_DAN-LIM,interaction_DAN-FPN,interaction_DAN-DMN,interaction_VAN-LIM,interaction_VAN-FPN,interaction_VAN-DMN,interaction_LIM-FPN,interaction_LIM-DMN,interaction_FPN-DMN,interaction_DMN_anticorrelation,interaction_DMN-LIM_correlation,interaction_SMN-attention_correlation,taskpositive_coupling,fractional_occupancy,lifetime_values,lifetime,switching_involvement,self_transition,SUB_activation,SUB_zscore,interaction_SUB_activation_raw,interaction_SUB_activation,interaction_VIS-SUB,interaction_SMN-SUB,interaction_DAN-SUB,interaction_VAN-SUB,interaction_LIM-SUB,interaction_FPN-SUB,interaction_DMN-SUB
controls,4,7,0,-0.44771661237748794,-0.029422022799815196,0.5751325855365714,0.21119255670269127,0.2582211673772955,-0.07430813027865023,-0.18281468798363576,-1.5921389525971845,-0.23863309617407227,1.7175676850433872,0.5399407859940905,0.6921146403864853,-0.383874299044948,-0.7349767636077587,1.08421775665023,0.39639885405344116,1.211664310733673,1.2687407788578593,1.0144695150746033,-0.0810115847409196,0.9998883008458314,-0.18081659381150153,1.041506744697889,0.1040519432656031,0.8767558011842226,-1.023629822723601,0.9136377428748739,-0.7711815377438281,-0.11115749888694407,-0.057873533157459404,-0.0005679464704061413,-0.019580418139413688,0.035705242456736064,-0.1692527277117564,0.13240429386043823,-0.07014254086729253,-0.009863069803138542,-0.11664083556850836,0.170180210470088,0.10980928624155438,0.061046286873003494,-0.1950875383174676,-0.028174311591950937,0.08086215107284844,0.11612853887124303,-0.04110056804199597,0.06455889737344549,0.0223033448001046,-0.06321548940182062,-0.04416345634525584,0.0223033448001046,0.031130876496572847,0.010283428931776598,0.2217661139797352,[17.  20.  13.  19.4],17.35,0.027064098789027335,0.9315644456503233,,,,,,,,,,,
controls,4,7,1,-0.7098401587319395,-0.22148991430848275,0.2127490325626831,-0.24296461295342303,-0.021715656025381957,0.024070396244786785,-0.03709929753449795,-2.08651544943294,-0.29104934508532215,1.3054714290882379,-0.3700031163967101,0.443439709367714,0.6117764837252855,0.3868802887337349,0.9196869642106853,-0.7297760292026189,0.9966851796272097,-0.20274121114878024,1.0782421858837787,0.35549746647415686,1.4901517614668645,3.174922397918427,1.1957353737408547,1.15971092193991,1.1571359438683306,0.8955068311074124,1.2955810802157555,1.8431314851412122,0.043758244291276616,-0.0646089273474812,0.17289053743009494,0.06335006389052907,0.06004612973138787,0.12160058229509647,-0.10477817870346684,-0.0727243999328904,0.11767533581294883,0.05953413609240532,-0.18541333388613584,-0.051215498087621755,0.12555591802210772,-0.058485331927355486,-0.010518616170237808,-0.12198674563815001,0.003847495809158348,0.14755278465513147,-0.09996579351536031,0.018823259697193395,0.12029095697274178,0.0857750418192118,0.018823259697193395,-0.08875128931817862,-0.035284444735272966,0.14273902810813455,[12.5 21.  12.  27. ],18.125,0.027064098789027335,0.9580938312697957,,,,,,,,,,,
controls,4,7,2,-0.3124454098487697,-0.2879324650961911,-0.628197381034606,-0.07432047059439713,-0.24148947238925345,0.0860020221682465,0.15256693039759162,-0.5103056705302319,-0.41094846895413534,-1.790128742209975,0.45487529114527764,-0.2227032036562981,1.1047031429754672,1.3745076512298944,0.8605671783571871,-1.1344371685826562,0.9614561223726381,-0.4438758878413883,1.0036582115211055,-0.15501243489594424,0.8646581121085276,-1.1064356816177343,0.9729290178820115,-0.3653465951217594,0.9762468677498343,-0.34263668695104776,1.17324879287869,1.005795522872096,-0.021808831926986794,0.013570691772329639,0.193303201611445,-0.06937619536062116,-0.016215165913518202,-0.03071805076407631,-0.00927326833165494,0.016325919743504124,-0.00027199417493352617,0.01701450470271578,0.09800511664170768,-0.03473777644387387,-0.007420163788536997,0.05726074165559819,-0.003231025804936733,0.05413606239552831,-0.15963979658719224,0.0755029247078922,0.03665553252663538,-0.08319474821756014,-0.11525320257543359,-0.014327101224159372,-0.08319474821756014,0.0035263257059245916,-0.04570561045848931,0.25402189681737336,[19.75       22.         13.6        18.42857143],18.444642857142856,0.027064098789027335,0.93709231779627,,,,,,,,,,,
controls,4,7,3,0.6830936780200708,0.2716899429602288,0.00504768310720527,0.02119025495116862,0.019468592388699073,-0.02212699393200699,0.016341295006609823,2.2611743127502137,0.5416409994629683,-0.5728366036165847,-0.5053659229145971,-0.5125619104035664,-0.6864178826974626,-0.5256329925809712,1.0794313067421315,0.3636367212846194,0.9023520709309523,-0.8484293288439783,0.9786838361590859,-0.3259562068227087,0.8996668710544652,-0.8668088954441523,0.9373094260325213,-0.6091543899907201,1.038111238496501,0.08081049561167306,0.8128641359455216,-1.460953363043069,0.08660154901917468,0.05899052838165799,-0.17372118220391142,0.053233991259001266,-0.051917831301438545,0.04111112711435249,0.06554035465302978,0.06990621919326724,-0.06413080479855765,0.020171927648954587,-0.09019506170571467,0.021986541463007752,-0.10104597882122515,0.06283698562394624,-0.023115232193110173,-0.06445351627986885,0.03489853143491763,-0.05844544164111121,-3.531996637124741e-05,0.03467034665151622,0.04289528113688956,-0.01288846423244394,0.03467034665151622,0.06772328692314851,0.039907352840623876,0.38147296109475687,[11.8         8.         13.66666667 23.28571429],14.188095238095238,0.027064098789027335,0.9538000532143596,,,,,,,,,,,
meditators,4,7,0,0.1231162776691775,-0.8768271680791945,0.06879364924222779,0.005138487687850498,0.04758322153381101,-0.052344745215064895,-0.016762281517547693,0.6944532128083916,-2.4152942451310992,0.5255140029185073,0.3275513304592636,0.4595511987934262,0.1487828829495152,0.25944161720199527,0.9196341170351396,-0.8104113284580666,0.9943156247132549,-0.00797715440929088,0.9349013909278961,-0.6463682782171226,0.8720212191777729,-1.3220000410335742,1.019911234732483,0.2670412915703776,1.1613506276183552,1.7867722924161746,1.0551981018306555,0.6461898778138845,-0.0017941451367589581,-0.051790180917299804,0.019273536097366466,0.17248844190843693,0.14764503558475378,-0.10320734986383542,0.04019150461851239,-0.10284077046187827,0.01456494860418752,-0.06608161347734784,-0.11815284110110333,-0.1453401384140009,0.026587707631883836,-0.038635301661574084,0.03297020106505985,-0.044167601900020094,-0.025699575955498422,0.14030417412325874,0.1481846843767295,0.0736681037756732,0.040471937821007914,0.07124877100310884,0.0736681037756732,-0.03132463292168294,-0.0698916720103578,0.16318246312609638,[18.         15.66666667 19.8        14.6       ],17.016666666666666,0.029117442557156842,0.9585964016743064,,,,,,,,,,,
meditators,4,7,1,-0.15354639671989814,-0.3319588208122,0.07460558898544124,-0.7110881405679776,0.2732355904961659,0.073080020627223,0.047077320464100215,-0.16214501511505358,-0.7470187458312737,0.5857855380887983,-1.9898849912601544,1.2369367715681636,0.5807844017516107,0.49554204079790914,0.8082776293669864,-2.006909015570941,0.956924845943522,-0.40973174683730895,0.9246030749181214,-0.7570211152891099,1.0581704311023101,0.6781268145235873,1.0935449985630645,1.0582177192901145,0.9121572665069767,-0.8907482226181551,0.9650320365381988,-0.32262200587258744,0.14676979308560434,-0.077703497039965,-0.04330372543806726,-0.05470358223903352,0.013371071382999325,0.07037011477041051,-0.1668774061139475,0.0022308296187172998,0.03845478889639626,-0.0076424192544085725,-0.017816509266497912,0.05511956398230048,0.051668096730731194,-0.04565790578128597,-0.018730568119351882,-0.001557731302982968,0.13661552101299362,0.1300824850888667,-0.13382123622153438,0.017858410920581755,0.09237880499628938,0.06791024065526806,0.017858410920581755,-0.0823232882476151,0.04869239307133605,0.21690983567142058,[13.5        14.5        12.         15.71428571],13.928571428571429,0.029117442557156842,0.9294714189865934,,,,,,,,,,,
meditators,4,7,2,0.11514548300527648,0.7429278907555127,0.1567930396573346,0.00042896615056934635,0.12556969822243105,0.01204334055722164,-0.0918983792592132,-0.1431440787314215,2.3237732534412325,0.020513070750983742,-0.5939311033782538,-0.10218135522081374,-0.5482915614407993,-0.9567382254209281,0.9292504947754544,-0.7070857480125106,1.0017889359195513,0.07232171062006747,0.9618272450930626,-0.35705669065908696,0.955938849366733,-0.42032603414228326,0.96666614081299,-0.30506396299397703,0.9190806938714642,-0.8163577223251727,0.8960279398030045,-1.0640538153152013,-0.05997003561133943,0.11119982128733906,8.402569368856894e-05,-0.018594398958097173,-0.03210514792686311,0.015165249015720434,0.03832527530872557,-0.06650442142937381,-0.040700910969950085,0.04432428401071296,0.017726215019928552,0.04863291830015167,-0.07263509303195195,0.07987148145573975,0.05515021767176802,0.018870012726453972,-0.07003956696923236,-0.032865024093625725,0.06927847603344382,-0.06510397233959456,-0.1422186574964394,-0.03997782130609903,-0.06510397233959456,-0.014089573060324118,0.019488277595553022,0.335122186711411,[ 7.         15.66666667 21.875      15.16666667],14.927083333333332,0.029117442557156842,0.9432424410889299,,,,,,,,,,,
meditators,4,7,3,-0.09896595801319506,-0.17825464893524837,-0.282660772171439,0.5054717467215634,-0.37495745170481554,-0.037779239862689024,0.08755698593632183,-0.1663906684076764,-0.4612771187323525,-0.8495790406741308,2.0816031768539545,-1.1928441379766952,0.06117184917956567,0.5273159397573353,1.2452310097370147,2.688046078081946,1.0306003761136424,0.3818934497840332,1.1349558046227322,1.5031665023329752,1.059861361953537,0.6962954447931595,0.950817961961421,-0.4753486921366731,1.0761352508269297,0.8711543219460794,1.0574006837050218,0.669856070718689,-0.0778253625761975,-0.03588502477864487,-0.0021391976968688853,0.014865763784325043,-0.04909159781826735,-0.04090843723013763,-0.009653722775251011,0.08129666184009007,0.01654583968472078,0.0013282558332731818,0.021147187613963836,-0.03358690877595718,0.0038844179982076878,-0.04317298659515561,-0.03518053152078675,-0.014000712063465811,-0.00284783396822206,-0.06913622369569529,-0.09442189103421264,0.021434752362412397,0.059951465678593496,-0.014788429845962847,0.021434752362412397,0.035821469532419534,-0.026535909779778283,0.28478551449107214,[40.         18.5        16.42857143 15.16666667],22.523809523809526,0.029117442557156842,0.9374214832481645,,,,,,,,,,,
controls,5,7,0,-0.4848916965523452,-0.11652487087400608,0.5421790348425192,0.1353497174460246,0.2521463808411636,0.0015908386244117534,-0.12138298162905957,-1.7113950521745689,-0.4864976210626175,1.7038318704430162,0.35103853770372195,0.7394120908642274,-0.09373796125298806,-0.5026518645207908,1.1427107711966975,0.7960875228732139,1.2756800385161446,1.5921119161280897,1.0416741820606357,0.19122903801478802,1.0308971598800611,0.12671208071083886,1.0537282740258558,0.2633912107956669,0.8650135457579045,-0.8663550087338467,0.986592546423597,-0.13851877869027732,-0.13384461233534956,-0.016031000013739558,0.03645102490170504,-0.025509601606681948,0.014974220088651593,-0.19012279015144884,0.1154101040020253,-0.022739651671521886,0.044286787822360854,-0.07938030856454777,0.25182066709671436,0.1481847673056508,0.07239610610105988,-0.22106149241949394,-0.04448572823072502,0.035374919769608056,0.08923702078406176,-0.028398112192642683,0.02527225261460268,0.017478225099814136,-0.08704027343752274,-0.05330803795363015,0.017478225099814136,0.04633522616525171,0.0054534318900728755,0.18125567894790634,[15.6  28.   15.   20.75 29.  ],21.669999999999998,0.024206849426636087,0.926398157546838,,,,,,,,,,,
controls,5,7,1,0.8059923287435109,0.2872595429285877,0.07838235826147627,0.11378039902827501,0.10846277479403166,0.0039814030790607515,-0.11306285614708267,2.2411171763428386,0.3734316390308425,-0.37862588951796877,-0.25117605292152423,-0.27032203741825034,-0.6465048278775226,-1.0679200076384148,1.05182523224557,0.2519985957273187,0.9411296884018744,-0.41068350293014266,1.0586129032924598,0.2926331862280969,0.9126831688004576,-0.5809794213962507,0.9039552727543322,-0.6332292253890606,1.0535350813455848,0.2622346571859932,0.7175132885099421,-1.749369596598506,0.17682775812647394,0.03763716271164702,-0.1321467550076691,0.06829013124093644,-0.06827592037277273,-0.0748800261936932,0.062321332537730874,0.04967081166697565,-0.029125424168708766,0.030864530818754506,-0.09292134658090746,0.02265865771377016,-0.0740316196355433,0.06411639648028754,-0.09004526382000695,-0.06988782337041126,0.0823676335624813,0.012103336599100305,0.03890823839337003,0.05121313447389341,0.0011348736668963558,-0.025602351184670098,0.05121313447389341,0.05599607210235326,0.05638089591884634,0.2949845203378242,[11.   29.4  14.   12.75 22.  ],17.830000000000002,0.024206849426636087,0.9543062861566001,,,,,,,,,,,
controls,5,7,2,-0.1222807933165138,0.6984471279254624,-0.3147823679613978,-0.013517266248879679,-0.3295563843536397,-0.15152519674529005,0.24215208871893784,-0.36727254706460793,2.0723263687255704,-0.9394799992990744,-0.04397492815310805,-0.9833954960666728,-0.4542010078263791,0.7159976096842717,0.6748348740352844,-2.0048651684109924,0.8191311061949931,-1.1410315700957696,0.8362991357197718,-1.038254661105123,0.8090003377649414,-1.2016797104917278,0.9174480516846987,-0.5524543111709965,0.8470787806148541,-0.9737220028443526,0.9901740197505826,-0.11707818426161774,0.10451897023761093,-0.06649466463997238,0.14424721614763278,-0.08577048696291759,-0.14089422979009586,-0.03267349840033017,-0.07438927577995816,0.11602191117995636,-0.0890961067378129,-0.04715106997458028,0.1204783683781129,-0.04357040636087555,0.09572832439355063,-0.017707947643254146,-0.11922158902050199,-0.00591788296307763,0.00445508361570802,0.10982808065501212,0.005949210775410356,-0.038354620915651186,-0.05877324059679406,-0.02272224965409465,-0.038354620915651186,0.0208163176999991,-0.018941090129473894,0.15551901154238196,[16.6        13.33333333 12.         11.8        13.        ],13.346666666666668,0.024206849426636087,0.9229000562730176,,,,,,,,,,,
controls,5,7,3,-0.1966628134073759,-0.5749842017368776,-0.44240326174571426,-0.10737483994834547,-0.08509101801417306,0.08412967254013377,0.0844898396670264,-0.08517229991046078,-1.7108932622927973,-1.1411670453646041,0.2985155766379242,0.3942735156757959,1.1214479033510336,1.1229956119031084,1.0409143500124836,0.18668028131860495,0.9536039192925028,-0.33600615623033553,0.9619413953861223,-0.286093612659225,0.9324957513345634,-0.46237081875851094,1.004175198214125,-0.033259721424495084,1.0679171502718785,0.3483333318767302,1.1791626823328192,1.0143079510222388,-0.13943599743179558,0.08129103339106554,-0.03530606103310275,0.0025817953301041094,0.04368860241402805,0.08901289883219558,0.08490714225371938,0.00999276303121049,-0.04739264101551648,0.010811276758608787,-0.010645067539736847,0.010247822295520565,-0.14882205322062605,0.0685659632274014,0.11801927227380102,0.08310577634048957,-0.1275621460887807,-0.0620918702233073,0.014320594014188752,-0.04465102384784087,-0.009591381645703792,0.015445340134929977,-0.04465102384784087,0.04744995264246494,-0.01624945352195291,0.2332678819303176,[12.75       19.         13.33333333 14.          8.5       ],13.51666666666667,0.024206849426636087,0.9278439463474797,,,,,,,,,,,
controls,5,7,4,-0.7411545112207228,-0.2649491049133626,0.2198121500337098,-0.24017716223913033,-0.07592706093360552,0.006883267387673251,0.009329153712071844,-2.066486939897808,-0.38714112274710866,1.3223770285160708,-0.2997824792674958,0.27944807322224063,0.5714799918885662,0.5801054482855349,0.922255258248089,-0.5236758290072917,0.995154023230286,-0.08726524832346287,1.1123420616917297,0.6142843585408941,1.5052950121997875,2.9667086465864525,1.2649383740711486,1.5278066289384318,1.1437153060229863,0.8021011998808407,1.3271556096637276,1.900271922693833,0.05269310049009734,-0.10156545663003685,0.17118353844925263,0.03861943887999144,0.09567019122907304,0.15627991411130537,-0.09820412611574895,-0.12084961981476769,0.11151204322545956,0.03453443747058721,-0.2344193793111891,-0.09518704175073371,0.14879421340798912,-0.03653415823539771,0.015865805122943097,-0.11619041089194308,-0.04899039016893724,0.11230211931313228,-0.08539658509071169,-0.007939059659714287,0.10293624212476474,0.0770347221869467,-0.007939059659714287,-0.10952687296525832,-0.06023719671835622,0.13497290724156993,[13.5        16.5        15.4        11.66666667 10.        ],13.413333333333332,0.024206849426636087,0.9557831306819901,,,,,,,,,,,
meditators,5,7,0,0.25469473049823604,-0.377423366536843,-0.13457662308531396,0.5218936670240019,-0.38629146468942677,-0.05471468839194018,0.1186723283398923,0.853987714053593,-1.1990005007824718,-0.41028474552125355,1.7217943316415165,-1.2278022406482638,-0.15090977823502952,0.4122152194919091,1.1567179460463664,1.4808623296500423,0.9486197835590642,-0.4484279409563854,1.0968719519129222,0.9260266077177625,0.9557431565302239,-0.38238673231285475,1.0333087111095065,0.3367280738696984,0.9832510154388963,-0.1273597588721152,1.0150501226076598,0.1674516288949925,-0.06483470195381623,-0.02235651459571456,0.10436216634992121,0.09755812800928132,-0.01915049430461126,-0.028839543405255574,-0.06041718863520223,0.0709253994847205,-0.04499073481668718,0.08091381141521421,-0.05357373471129211,0.020018724212116555,-0.09579453116941854,-0.08009152725408804,0.012388776508412363,-0.020076123575144954,0.10234777989298674,-0.16160199045844345,-0.0399632099127821,0.003981366168412,-0.004133233615321812,-0.0511154825217843,0.003981366168412,0.005254105424759136,0.014091658950338419,0.21104062185157804,[13.6        12.2        13.33333333 29.5        15.33333333],16.79333333333333,0.025664279569374563,0.9300445116073465,,,,,,,,,,,
meditators,5,7,1,0.15924049067399432,0.6613870452464379,-0.2653286481251222,0.3038958145335127,0.14117399484133414,0.14939405817284812,-0.2184530752787814,0.09010966507479183,1.8173895888293035,-1.3703200501462411,0.5876939549431123,0.027964669236039196,0.05623998096570748,-1.2090778089027128,1.1959888335312867,1.8449450309922975,1.0915811232284318,0.8769750246454923,1.0260508897781893,0.26944038659295677,0.9640460694632668,-0.30540993949571826,0.9468714563789126,-0.46463678479328896,1.0211981576532243,0.2244504224209982,0.8771920115386608,-1.110639005018361,-0.027790792393760307,0.027766986619611748,-0.03683928164434588,-0.12913620748102983,-0.08481677303944733,-0.018987129758544375,0.1238168431543958,-0.05110248741194031,0.007337198419637327,0.046133084146267885,0.05153579061153459,-0.03646174538512259,0.0011572169468154097,0.009817975345040735,0.10710823436540891,-0.0186573381384894,-0.18244972494954387,0.013018688397536237,0.17077758627966286,-0.0418923393367051,-0.0770522536125186,0.01435822305014218,-0.0418923393367051,0.03635717787122775,-0.06969783166320857,0.22422325143560848,[15.   9.4 13.5 17.2 14. ],13.819999999999999,0.025664279569374563,0.9319150487354565,,,,,,,,,,,
meditators,5,7,2,0.0903816130706837,-0.8695362927245331,0.04784990783903894,-0.0042911577220749245,0.05653356983300461,-0.06495633832794354,-0.005923025559585015,0.6274415551275969,-2.4218908605563394,0.4923328060625113,0.3266983904068407,0.519917844163354,0.13398576299570045,0.3215145018003361,1.0048029780183703,0.07244975035212002,1.0238199929372087,0.24875761112494654,1.0200552478951972,0.21385443901591936,0.8622312465223184,-1.2493411350221257,1.0177258420676933,0.19225838095571754,1.2520420320094103,2.3646175219342283,1.114455279339483,1.089042667655442,0.0055748652217993645,-0.02933354932656994,-0.00899928217763282,0.14544815546323145,0.12313184713007837,-0.130890488048768,0.03915114042820865,-0.12631661069570546,0.022448065924327795,-0.04580792086040372,-0.09876214107033726,-0.13378315492074572,0.06456871351659835,0.01731486913141534,0.01075871753521632,-0.0885503317755467,-0.04341596873829945,0.1443698175387977,0.11042065511593126,0.06365591865605917,0.048373858266331476,0.0678341311134485,0.06365591865605917,-0.043582735133748406,-0.053294751509209946,0.15023842761228492,[14.2  12.    0.   19.6  10.75],11.309999999999999,0.025664279569374563,0.9585714894159855,,,,,,,,,,,
meditators,5,7,3,-0.3908073046449803,0.604877274875423,0.2903060587676356,-0.26275463023412404,-0.013468836990902143,-0.09507553398037095,0.1002184428984773,-1.3574114876523213,1.8291988050415684,0.8224383352579063,-0.9475889608425122,-0.1497693592234498,-0.4109451833028504,0.214077850721659,0.8108895893188077,-1.7253326504473887,0.9433313899013103,-0.4974569487529531,1.0121627922505405,0.14068301979515602,1.0625538058623643,0.6078610627210264,0.9125175656831148,-0.7831337204926779,0.9230514734307126,-0.6854732438887765,1.0780166231030566,0.7512177483450685,-0.11938881886601774,0.11534559979071225,-0.050395444135177395,0.05912356030810019,-0.009651156380557475,0.0029115250680242983,-0.11910013884026024,-0.011603303576331452,-0.022344645444172088,-0.04021444681680907,0.027206515428115547,0.07498877206037753,-0.020435681470209653,0.0954515206169281,-0.08431933672691973,0.05300489114766948,0.026040837805429668,0.006119698260214149,-0.15270486775395603,-0.03021372613461666,-0.021013279094257237,-0.033070972520320936,-0.03021372613461666,-0.06535172120829585,0.06549371016091178,0.23050982672463066,[13.16666667 11.         32.         14.16666667 11.6       ],16.386666666666663,0.025664279569374563,0.9341043882723642,,,,,,,,,,,
meditators,5,7,4,-0.047755805484210656,-0.49399208239661396,0.061943795298383106,-0.6450730995411305,0.2511555643876948,0.05863563727151591,0.004964586200026671,0.2249758779942821,-1.251908001186599,0.5880426664441027,-1.7519326074666197,1.21426654374253,0.577093836166411,0.3994616843058928,0.7624082593334003,-2.174805904458527,1.0131775176291211,0.15009059829961513,0.8197060829678339,-1.6435944206878281,1.0923129763476516,0.8837600778412876,1.1059039834225897,1.0097631016258979,0.8947584943348911,-0.9477791126365133,0.856178318407434,-1.3054581866152133,0.1770326438214484,-0.14623221008235404,-0.05445562400335424,-0.06222264513055462,0.04959468558410273,0.11979034283990542,-0.0735881978716429,0.044535452557528055,0.051902090041635505,-0.054324909733252734,0.010132325224098718,0.004505410342065007,0.03993626722662121,-0.08370662673835945,0.01020995833064204,0.01126574501200691,0.13083419660975878,0.15567377456560264,-0.12737211507400628,0.029426390330463986,0.10033556804059927,0.08873976697894799,0.029426390330463986,-0.014526372657057425,0.017210993404488114,0.18398787237589784,[14.2 14.2 15.5 15.8 13.6],14.66,0.025664279569374563,0.9249271659726882,,,,,,,,,,,
controls,4,8,0,0.7107707306499231,0.17109852580264534,0.05165659581073012,0.06363575924943919,-0.009343486016532449,0.04714584308897248,-0.04090635612005718,2.5510067160153045,0.2113029075792836,-0.3065276124641136,-0.25459294903753094,-0.570988376765555,-0.32608360446669626,-0.7078265661758962,1.087443189579206,0.40344539622717956,0.8686997875598351,-1.0785128023783397,0.9658959708614221,-0.42002125754904207,0.995384382213655,-0.22024109246125717,0.9720569604874555,-0.3782813513231381,0.8770252025713376,-1.0221091946846228,1.01399537100162,-0.0941540554861359,0.09238593153512174,0.011209893697776207,-0.13173744502710755,-0.01462255473825736,-0.02204822296957135,-0.015206801260307141,0.07020508927638246,0.047762796167047074,0.06760337744330845,-0.04304193088732497,0.029164903511998116,-0.023760810263571783,0.07819035918496364,-0.05259163886736498,0.049211354223293924,-0.011256033425592898,-0.08544084737366432,-0.07457463474807141,0.03705362261771321,0.014516967555423532,0.006860882940047466,-0.006167465861576672,0.014516967555423532,0.05898394272171477,-0.053931098834867026,0.3847058528121241,[20.4        22.5        14.33333333 17.4       ],18.65833333333333,0.026174259139166666,0.9535162063143245,-0.015179635237212948,-0.5962905146847968,0.990010272816913,-0.2566499871167379,1.9809793240069197e-05,0.03284862947252298,0.045368777335489156,0.02904004140092418,0.043597592190414224,-0.010558960573537435,0.06013253035223411
controls,4,8,1,-0.7171839486548082,-0.1659684702293094,0.125187356011367,-0.2825255202851032,0.09299214657158207,-0.21297119175140178,-0.09050922413213157,-2.2019645092711952,0.05752265666457281,1.2509993974799134,-0.4202563045733491,1.1190280262448435,-0.13514618192932507,0.3668376247325575,0.9420395530478667,-0.5816453963426153,1.0547748420654246,0.18212157577816138,0.9580086397350926,-0.47345690369824717,1.4705923539841426,2.999231327308506,0.9793798137532952,-0.32866996952001826,1.2843429952477372,1.7374160605787974,1.1498021764811828,0.8259194504980136,0.13982224346190444,-0.057539758756706506,0.11610900352209519,-0.22737753589111348,0.24370140030347764,0.16677688217751782,-0.1371105351932481,-0.1825478819446123,-0.19945544753169264,-0.07059837199872805,-0.0729350957732469,-0.08779330506859798,-0.12430793387123364,-0.022380016224141767,0.1404731061261328,0.11436520798541105,0.1900876878786132,0.12648578656324977,0.07429761568298007,-0.003518597387856213,-0.16746612430319024,0.03316425612873078,-0.003518597387856213,-0.15982920856893018,0.026638122195291148,0.1189147591455449,[27.14285714 21.         11.8        12.5       ],18.110714285714284,0.026174259139166666,0.9641395135205405,-0.18903289277361915,-0.03702070934801831,1.3465283313047125,2.1587136528806354,0.005734418960406436,0.23594606380956318,-0.12979847920360893,-0.0639345942900693,-0.005433070586060361,0.06099020727876118,-0.09635766577749247
controls,4,8,2,-0.3458433916521571,-0.24429722446310306,-0.6615252391357971,0.12599941380395213,0.10378645814517239,-0.06433826087105543,0.19247515883636207,-0.850853488825173,-0.47257761159996975,-2.0268193680555098,0.9068371861366116,0.8240903378784609,0.19779859955315915,1.1544700753181187,0.8602787707459065,-1.135564099893093,0.894739788669548,-0.9020951697549869,1.0563416938860621,0.19273679379231734,0.896258254334637,-0.8918077616736203,1.0343943518979446,0.04404639629173499,0.9090258070114966,-0.8053092470170532,1.008104613907296,-0.13406317133299517,-0.030851524006820782,0.0005094166087300921,0.12426097991688442,0.009836094781652888,0.1281709801649464,0.04345917811377236,0.021638860291761555,0.021853352132251178,-0.0078546741673562,0.01947690683395287,0.13644641502585828,-0.03855324892704368,0.007970455252685846,-0.08437649689336557,-0.04859063330640054,0.014173764754837451,0.0436119001665967,-0.0019415382174544273,0.030011576623080138,0.05722422731509034,-0.0633824142436495,-0.037971528589168156,0.05722422731509034,0.021746106212006365,-0.026439281884604187,0.26323680115009906,[18.42857143  6.25       13.33333333 17.2       ],13.80297619047619,0.026174259139166666,0.9381147862074757,-0.04574694095825806,0.26705426959430156,0.9713122395726251,-0.3833267390021142,0.04444914795163992,-0.05950145264815744,-0.02199609887772146,-0.03125306600593419,-0.15867220093591888,0.003617397394395724,-0.013340286720809412
controls,4,8,3,-0.5002580944163787,0.05510760374094403,0.5762452203545912,-0.10215840960555267,-0.14866056070883815,0.1016565958094311,-0.09239304953843235,-1.760572761164899,0.16080374272303194,1.9637627212409523,-0.3832831965795954,-0.5441648297206985,0.32184742967886704,-0.34949837074821083,1.0458970091775293,0.12197540856759047,1.3110110784259228,1.9180888678139445,1.0508574015394698,0.1555814239317798,0.8810748955242452,-0.9946730497861132,1.0487447311653164,0.14126835595796094,1.1776721583743515,1.0147349657559832,0.9047526087506437,-0.8342596114096534,-0.11859083823379064,-0.0007536114111716236,0.04051222944978487,0.08324434245305581,-0.10868294520073835,-0.06546798295236143,0.06891694648307707,-0.06413450801278237,0.04465607858937587,0.12437154480937615,-0.04967297475583321,0.1087553181709812,0.0057459576158777415,0.1093211794503389,-0.1343729539089377,-0.04480708465054034,-0.05308452838744108,0.1335011110552769,-0.08691429330218914,-0.029288274654353377,0.07363534404181611,0.024254500396051773,-0.029288274654353377,0.002391219235147353,0.054997323077959674,0.23314258689223183,[23.14285714  0.         15.         13.6       ],12.935714285714285,0.026174259139166666,0.9374876017909006,0.17948442661529376,0.5911052645705521,0.8861280157809537,-0.9604388149528011,0.010017672551076757,-0.16520353829942283,0.033594949299355685,-0.017951868191935904,0.09230332410167517,-0.06612687220358317,0.0018262899844426563
meditators,4,8,0,0.10450334461376948,0.5867779414225177,-0.14704263605992238,0.314801858085263,0.029056055287738747,-0.1273132093533953,0.170383068217139,-0.08669321368262187,2.062669500862651,-1.207763150667434,0.8505483220957473,-0.4229406371710871,-1.1198346252527323,0.20691425080878184,0.8980834014765916,-0.9239424150976402,0.9807324330517336,-0.1965095982200272,0.9492267580719383,-0.47380579227580893,0.8560118995883473,-1.2942333978904987,0.9549294735604401,-0.42361352368424193,1.082740079542923,0.7013074507635149,0.8452816472626001,-1.3886753716966804,0.0023123910350648525,-0.04256716563637459,0.01765677888775219,0.0005753684073487825,0.0116389656605502,0.025859449221179595,-0.09036699144460753,-0.019628699092968747,-0.07229490419640434,-0.06803237661482997,0.04260751643024235,0.025090138235053207,-0.02266076938410281,-0.04051120004599238,-0.04261866932600977,-0.009300049087557246,-0.10679270036084101,0.06142520265016297,-0.03203401984728467,-0.03117723238124661,-0.0007519726902618419,0.006018186877963784,-0.03117723238124661,-0.054997845268788134,-0.04073792072392673,0.3512593924580546,[19.         12.         14.66666667 14.83333333],15.125,0.029961819237436283,0.9527955878909785,0.0604783116607395,-0.2829004469933048,0.8968725171765249,-0.9345999746663756,-0.04280918437829273,0.0046280754440711554,-0.01968942798884161,0.06126619837744163,-0.032110041654313345,0.01762247293161405,-0.004666598786823325
meditators,4,8,1,0.36926904533001437,0.31836914138678635,0.1907044938447223,-0.3744139273533985,0.2623296598444484,0.13464396359502354,-0.2664281728475885,1.1595058638650437,0.9741216617016175,0.5091500803120352,-1.5490861740926654,0.7700184361441446,0.30497019257018954,-1.155787731596516,1.049648962885436,0.4100570423192693,0.9722233056385354,-0.2714024119092679,1.1605082597744418,1.3857816101228644,1.0563085714897635,0.468671375167731,0.8722574968702186,-1.1512482912608257,0.734568170723566,-2.3631165063381876,1.03084767759457,0.24457812914386468,0.14328775145719147,0.21953657339061716,-0.026170983761751396,0.10255293737944972,-0.13539533716505966,-0.01478026256700563,0.15922172894164346,0.09096451629794407,-0.034890449739895135,-0.06639940248855022,-0.05461255309072784,0.06553593022306355,0.002438142283923337,-0.03204537586291728,-0.14135254058511845,0.058991766779005285,-0.0016982080730846068,-0.06607750606051128,0.014149181585100947,-0.08921991808274807,-0.07672544488494305,-0.0947184971768576,-0.08921991808274807,0.12509312261979377,0.010597448762353886,0.20607954750457597,[15.57142857 12.33333333 12.83333333 15.        ],13.93452380952381,0.029961819237436283,0.9160372786492993,-0.22719418102894487,-1.012892328903849,1.0204837284634447,0.15336016122882,0.004012092503437569,-0.040503552802210734,0.0545055508156053,-0.029008244759936845,-0.028047799035435275,-0.03539228196232451,0.08118866142587768
meditators,4,8,2,-0.31919397609718436,-0.4621657445219844,0.1003538475450654,-0.37826819717750787,-0.25516602266377747,0.16901061452771887,-0.022841363720840106,-0.8003945840279569,-1.417706831489562,1.011095983541307,-1.055460605690263,-0.5239397267521808,1.3075367675958307,0.47917339783821433,1.2152691427509936,1.8677577760761426,0.9791795407191848,-0.2101773305847632,0.9870448438445443,-0.14095111584231035,1.0200795434466454,0.1498027396873139,1.1347932801914287,1.1594520370169206,1.104873096973323,0.8961104981623129,1.1334781431133831,1.1478768999459787,-0.023760004781690342,-0.036581837549810474,-0.016816911663634405,-0.05328238149826188,-0.09530523315349967,-0.02828893988949596,-0.006626727519237017,-0.006540141264301908,0.11617185493288412,0.09031425074479843,0.09399129980161504,-0.0028692368388003884,0.06828433122545202,0.07717105997981175,0.042876014034501524,-0.050326188721994555,0.06975783879434698,0.016576800797738767,0.13458681947206294,0.03850407327112044,0.10549241498617389,0.05498174327280472,0.03850407327112044,-0.006583434391769462,0.048019887311786115,0.24198785093670497,[26.14285714 12.6        12.8        10.        ],15.385714285714286,0.029961819237436283,0.9347391389876448,0.09771347689391431,0.9996955989846099,1.1850800041156404,1.6020490346898886,0.14103063765170437,-0.05783406589353297,-0.031242863678948792,0.014771220172948943,-0.0014190007798286516,-0.0677976971455422,-0.12177107185077034
meditators,4,8,3,-0.165996455070246,-0.8483352621671038,-0.03658387674324476,0.2484369561296463,0.002849309662250907,-0.10380574093145833,-0.028984416429833522,-0.1614316628900685,-2.450459633381968,0.2727060535097112,1.2288595828609064,0.40499175338342164,0.047198247482805225,0.29819980681395825,0.838897642124827,-1.4448639894194344,1.0918008692035026,0.7810557021382277,0.9285876035659718,-0.6554606527637701,1.155001395553911,1.3373131202233628,1.0261284997582185,0.2030424358463269,0.9906404856824382,-0.10930418882122135,1.0762397578349434,0.6440950764558111,-0.04759715991559107,-0.11206815976530443,-0.0122993734751225,-0.10957791649895136,0.1760819471685129,-0.0009019395548356116,0.07634138063661254,-0.02012159559586159,0.04129035650913873,0.005895270938261784,-0.06959317702576272,-0.088999871431387,0.0074814149533071785,0.04444761248906717,0.1378943511960955,-0.012458371993768253,-0.061253124800261585,-0.06569596358500257,-0.13562115482722764,0.04872604453419475,-0.045786120555562075,0.008804089018510283,0.04872604453419475,0.028109892520375476,-0.03526846124752714,0.20067320910066444,[21.83333333 14.2        24.66666667 44.        ],26.175,0.029961819237436283,0.9461417905490109,-0.010581452324058145,0.3599358522212344,0.8700807876000325,-1.1704065285173082,-0.09390568344819156,0.03883708354551746,-0.021109554872371546,-0.1955057972279875,0.07038690514272056,0.10493042765070783,0.12257731642969664
controls,5,8,0,-0.793028763884867,-0.48761413248952823,0.0033485454878368513,0.009610569150640461,0.08913572464108842,-0.17684501236367145,-0.08302475199233968,-2.144313808409604,-1.0763945732089435,0.6403158711540627,0.6622117950337978,0.9402811293108488,0.01024728010552798,0.33830117930588105,0.7494364214836564,-1.7599715024117304,0.93953620579768,-0.5212285276088431,1.0400292613274078,0.13361212359511224,0.9537455448379348,-0.4286365292737375,1.2193111361118998,1.3018625963674646,1.0948499548359332,0.4908389831760277,0.932719935659764,-0.5656452363293242,-0.1175047210781121,0.04424582634278225,0.01412210373904091,0.07807600575645006,0.08255778835935758,0.08069553768348653,-0.02525126656837795,0.0009737839436751941,-0.0733756475111797,0.0831276574221677,0.05330088112710151,-0.016660319499495084,-0.038901184205497236,-0.05660334708908859,-0.08963868298884377,-0.061965644441844145,0.0887701049607039,-0.07384832035432064,-0.04059029757112384,-0.04964281574021244,-0.047175646554429636,-0.07022088329919801,-0.04964281574021244,-0.012138741312351379,0.005168812790706741,0.16366728679556847,[12.25       18.6        12.83333333 39.         12.4       ],19.01666666666667,0.026598833483281313,0.8995350931010156,0.00021273402117846503,0.6293511267084291,0.9799868433392376,-0.2576409424797112,0.02233277617083039,-0.08637454196430948,0.002442841051272274,0.015340467820852162,-0.020361080683567713,-0.05367126367867238,-0.0946571257879233
controls,5,8,1,0.8002977765607986,0.20308723113398408,0.09816230708257571,0.06851423055840486,-0.00881823243198169,0.026559525677233554,-0.03448203928612857,2.531658609771532,0.2472266676412164,-0.15412901816190394,-0.2675379550153804,-0.5633477828418357,-0.42802183911140146,-0.6615162103473755,1.1990653952783399,1.1699357279717377,0.8750186756338486,-0.9416426671118086,1.0533654256740517,0.2205142731942538,0.9640571059895187,-0.3614435338588945,1.00237331523749,-0.11176447610364278,0.8953702234666209,-0.8090263309324528,1.0281487155987565,0.05619518905572074,0.06389231738068184,0.006872632166773786,-0.1657759672824836,-0.026286291984967455,-0.03990461343675396,-0.010312812130121307,0.09024981765171919,0.048618447811169106,0.09946229541063788,-0.06383375101496601,0.05579767002781083,-0.03566457679717176,0.1390728920242696,-0.04547729573628243,0.06346010952064976,-0.0008325608200767465,-0.032632645676549055,-0.031002786393678473,0.061390711348257875,-0.011892274683860659,0.03302422496100364,0.021827182695991643,-0.011892274683860659,0.06943413273144415,-0.037924839403334416,0.29959821616455795,[ 9.         26.83333333 12.4        17.         13.25      ],15.696666666666664,0.026598833483281313,0.9513261978648326,-0.045675335292989776,-0.704332471934851,1.0284541706508603,0.05818561898322955,-0.006066641663231661,0.0797271044324334,0.008028901898615414,0.06986399086903003,0.05043657617001972,0.013916940924123327,0.06734158266300411
controls,5,8,2,0.0383539957126106,-0.012816793853658668,-0.9087907717716109,0.10657117553785851,0.06899096693017466,0.07696044694927044,0.20539761440371104,0.300304948101551,0.144770430298378,-2.578558285182678,0.5076522698830828,0.39342656271143345,0.41764993785218274,0.8080369746236429,0.9346012578819614,-0.5533860183901923,0.9418159211890499,-0.5063732691676,1.013095176114313,-0.041897853761565074,0.933253129499249,-0.5621707972327536,0.8872953234691933,-0.8616446212695208,0.8234716411486734,-1.2775374555822363,1.0037798240657627,-0.10259927406878465,-0.033533551081382264,0.03403949454810051,0.12097872284250197,0.0053356285232334065,0.12486565640902565,-0.008728139695606575,0.03148312401835757,0.01417194383017817,-0.01917857210956781,0.034786850220533384,0.16870755596319684,0.04459602921546441,0.0673627154584162,-0.08301622547728442,-0.0803797609808358,0.040646395966124446,-0.07150908653706665,-0.0352605507545787,0.01359077075956104,0.06234483120063389,-0.0352596273333838,-0.050299979689599435,0.06234483120063389,0.022827533924267868,-0.036643094266295556,0.2230201178231191,[ 9.         12.85714286 10.66666667 20.5        12.4       ],13.084761904761905,0.026598833483281313,0.9225405601625728,-0.05823625993441728,0.0067171617124071725,0.8971187454426053,-0.7976324762689398,0.10786312191252627,-0.04469804182685849,0.023900849088182526,-0.04559201840447295,-0.12335435303841169,-0.010865094838181908,0.09281957767601591
controls,5,8,3,-0.702459861704076,-0.1303909522663177,0.11084950362542828,-0.29588413317398704,0.0870857321543334,-0.212203674938809,-0.08989637846839933,-2.2134320033597072,0.18829676357638933,1.2011015727617476,-0.5064966900800083,1.1013336381450638,-0.15517928677741152,0.3583059725908479,0.9845048675278454,-0.22820024246091286,1.0842573715776807,0.42181476968981063,1.0034089709420377,-0.1050158559884104,1.4767090832940888,2.9791390854029114,1.0797196304472763,0.3922455886039598,1.3350881103434582,2.0562975053327874,1.1817299413612903,1.0569730971499611,0.14378736751032006,-0.08312555680393202,0.11357660007395236,-0.1997062503498386,0.20473176526994769,0.1261431182371646,-0.08921937536303191,-0.1445153414644278,-0.23500714799824274,-0.013599617087852943,-0.046846866422292716,-0.09823062519400771,-0.1537016416738594,0.07345929569604637,0.12182605112774922,0.1303930000451559,0.14807778434147334,0.22212799373610245,-0.0199210417028776,0.033737794850848025,-0.18589924191085008,0.052684934317667194,0.033737794850848025,-0.11686735841372986,0.041102151614504,0.11741698267838396,[11.5        18.85714286 13.8         0.         10.        ],10.831428571428571,0.026598833483281313,0.9656672321045356,-0.16903181381498852,0.02607003314307797,1.4009905347442027,2.485736000192133,0.026229293428739538,0.2068552969805557,-0.1028534234876191,-0.1299791448273291,-0.040373561070133304,0.09867068977287852,-0.16161751358155782
controls,5,8,4,-0.3113645306471977,0.15539099529127193,0.7904411021015809,-0.058755803615562124,-0.19310686567777485,0.14961504762252312,-0.04749509222011641,-1.2703690825519838,0.19923674296027996,2.1987274497583496,-0.47501640606354895,-0.898028223809903,0.18105084933903076,-0.4395614277151171,1.000120566879113,-0.12644400987064844,1.265163319413666,1.6006481533810981,0.9052271660780303,-0.7447957561478503,0.868996960824092,-0.9808818327098638,0.9317367400405253,-0.5720520119634142,1.1043105498937886,0.5524868472578431,0.9028459346905326,-0.7603125210052489,-0.02121694187821426,-0.04784401144262839,0.06433315791681893,0.05759990333833823,-0.13746971911171063,-0.07084653194732583,0.07678718156661339,-0.08093893608374216,0.12756621425307377,0.06860758011825802,-0.1555136565645434,0.05606277767781137,-0.06737412832068447,0.07553797191574468,-0.06268294454734243,-0.06090774072994607,-0.09594629657713856,0.06197351147618717,-0.00860770030471207,0.050170143640508674,0.060465311342594946,0.019918626090479896,0.050170143640508674,-0.002075877258564382,0.011884817672139164,0.19629739653837067,[ 9.         23.6        11.83333333  6.         13.        ],12.686666666666667,0.026598833483281313,0.9224102472290806,0.25217294009365604,0.5039600980828924,0.8662868269702526,-0.9985418173559973,-0.06322745322223187,-0.19557346841935683,0.046810296102152135,0.004324634214656468,0.07423776525863243,-0.09161747818217446,0.024815967412638387
meditators,5,8,0,0.31825977441029896,0.24021113915353037,-0.31184559300094367,0.7253346616123145,0.266136865350684,0.09886494607271973,0.0780269644226792,0.48622999781053433,0.20101803507348853,-1.8163546403356226,1.9737976814463563,0.2957580293058947,-0.31550124833693266,-0.39164917361883167,0.8585036243084662,-1.484787118133897,0.9216784695094584,-0.8567866197303103,1.0404692539478144,0.32407376220963435,0.9091730470093157,-0.9810989395761486,1.0244091920472336,0.16442593330132046,1.0036001263925198,-0.04243019053874132,0.9531746144366463,-0.5436937320606002,0.03310864387549669,0.09372496626812821,0.05133399726154865,0.18858154825960388,0.1622777169877498,-0.043783582736995424,0.254167482398106,0.07083079564412748,-0.014176599039619401,-0.061928299449093595,-0.00833220719280482,0.10678060584424791,-0.07440241107445003,-0.06228334053093469,-0.09258752079944983,0.07623809378897049,-0.01888695247732391,-0.12988402871888355,-0.07770312235129115,-0.04943739357698509,-0.05738580816561555,-0.09328578589464964,-0.04943739357698509,0.16249913902111673,0.008536770945329768,0.20026166533298734,[11.4        15.6        23.66666667 50.         12.8       ],22.693333333333335,0.027031969258730623,0.9090812238264507,0.06662952090053705,-0.43329868134488614,1.0238625688925886,0.15899213108995286,0.0049392272907495234,-0.12779465617301472,0.029760350405919556,-0.04398305244463009,0.021032726836004118,0.036672326718959265,0.010230998954645883
meditators,5,8,1,-0.2559785333271551,-0.3061111160768073,0.10891587750187351,-0.6086736620101837,-0.16546309934414694,0.21382524702479827,-0.018149752666055882,-0.5477322808236178,-0.7454570222100685,0.8914246318537262,-1.9387747781822153,-0.19073609602408662,1.3051910252893364,0.3902731354402582,1.2522374625903938,2.429192344621068,0.9078648606083612,-0.994103193234237,1.0248254899510738,0.16856421476863984,1.0580359045022079,0.4986980967583393,1.0711883240243971,0.6294420026415972,1.029021171887245,0.2102721182652849,1.0049235604317837,-0.02927436508926478,-0.0167210061711386,0.0163066999710127,-0.047673504252483456,-0.045665375697012886,-0.16478411282870986,0.006955400991149901,0.024530370083091058,-0.02984181729403106,0.09294090091956742,0.06778561295147843,0.06183884003628668,0.05812846110542015,0.08281828336120903,0.10878897383896817,0.051510526699472724,-0.028092207816604778,0.07010925969783642,0.017573239983775128,0.15288709107859036,-0.021846423933392218,0.04228944308208538,0.03712440325511108,-0.021846423933392218,-0.002655723605470001,0.07900889821407492,0.20902913528987957,[12.  14.6 19.8 11.  10.8],13.64,0.027031969258730623,0.9306973641800181,0.09481528646033947,0.8358113846566674,1.1658568699022054,1.5705110912204263,0.1020130364711019,-0.07485201849824054,-0.018850841702340897,0.03391498575352983,-0.0339417602808132,-0.039659176831524624,-0.03170854922810317
meditators,5,8,2,0.10247268130544161,0.7506903941644325,0.12463126364694634,-0.21926834950891105,-0.012611697943230075,-0.09390228920349684,0.01685626304882714,0.1134815717836757,2.4478604665786707,0.1932796487730312,-1.045180798934344,-0.30096336038855387,-0.5937092030567763,-0.19484255429533232,0.901377342846391,-1.058593487986165,0.9929142918616916,-0.1486545807983159,0.9533732764150531,-0.5417188982314649,0.9538835955901724,-0.536645982020903,0.8705787866054011,-1.3647518744122353,0.9147651627501758,-0.9255095438092467,0.9251712865598203,-0.8220656664540316,0.04722787454335354,0.06851592951872716,0.03804447268936993,-0.10871884444195962,-0.10561558935358092,0.035484316684571415,-0.07621590346287549,0.026859614658848372,-0.0810825508157605,-0.0894173348357469,0.014946308582925259,-0.028946143871342162,-0.007880003527084574,-0.027386212299274508,-0.07531739858732509,-0.060799659559678594,-0.1379502688715058,0.03607750252550237,-0.030049682588978218,-0.018539575680102567,-0.005210869362670044,-0.014816921808164253,-0.018539575680102567,-0.02467814440201356,-0.06476087501404082,0.3109538831369178,[ 7.5        13.5        24.28571429  0.          9.        ],10.857142857142858,0.027031969258730623,0.9501824237125441,-0.1011821885374325,-0.6199257704603708,0.8744557820279281,-1.3262119294403227,-0.05907029338266223,0.06401043052371294,-0.006045125222168475,0.06217624849699166,-0.051153958021106845,-0.020921933595911914,0.0016850556636573272
meditators,5,8,3,-0.26975279900337007,-0.9172297884899919,-0.08633887874371342,-0.03040178127084011,0.009132089582734452,-0.22977491345130555,-0.11737638467304706,-0.23183971084043214,-2.487758138276864,0.4072051498737492,0.6020993793450037,0.7398420160944348,-0.09255005241047727,0.29906527354676504,0.997910240350343,-0.09899148893176872,1.063281207841013,0.5508399437318857,1.052977710278597,0.44841624037478295,1.0200857736898084,0.12144824376948113,1.0434146613351656,0.3533530948518152,1.1144307789080132,1.0593011203443343,1.214340474385925,2.0524707649372056,0.033916503164842036,-0.02015384573265402,-0.03461942479384816,-0.20130476206935538,0.0025383600887508217,-0.1289567360553746,-0.01065073366144533,0.20647104155347248,0.053455436217984945,0.05935410955056907,0.033187855119217465,-0.10035012118669834,-0.008681587012998078,0.10204588185037247,-0.054877387608466555,0.16055914870955007,-0.07199864399103491,0.029883406226324034,0.03656544613729623,0.13903731570048922,0.0751062984438231,0.01670410568722686,0.13903731570048922,0.09791015394601357,-0.023434294442453592,0.11968744883135596,[11.2 21.  25.6 43.  10. ],22.160000000000004,0.027031969258730623,0.9572172542228635,0.01604739002077105,0.7639360826678203,1.1384525736483724,1.2980939345015943,0.1032488011844409,-0.13723414514948673,0.01260629881725946,-0.10072305342235445,0.05392642438424056,0.08177672170613508,0.024438349156778783
meditators,5,8,4,-0.07227919047214403,-0.8401143108778405,0.03874866481578811,0.42325302722750235,-0.09061472798917826,-0.03779982626022117,-0.021741415173076883,0.0103680297864317,-2.336988457072416,0.34979240541859824,1.525264567796086,-0.045685726790778876,0.1157752416926318,0.16486757210614245,1.0001705410759902,-0.07652257780531714,1.192906437956078,1.8394020107848321,0.9473949363162452,-0.601147624170291,1.0341291460702282,0.26104882096301757,1.0366050449140578,0.2856609225514743,1.0227823645868637,0.1482541729641397,1.056218172395505,0.4806286156960317,-0.03317581311494597,-0.2109979643690014,-0.08153210098188989,0.0851119490298057,0.13532747856177213,0.06350501540970271,-0.059849756365799894,-0.19696433259059132,0.04529691630949419,0.018642367145131625,-0.03919091668374745,-0.08055632285806413,0.07199030689270566,-0.07667150125943496,0.20948403959224499,-0.12628314658544637,0.035293607814235836,0.005095952885449616,-0.11354833607171307,-0.033103639309511906,-0.027407301182757297,0.062390897098312435,-0.033103639309511906,-0.12840704447819562,-0.040644738767754415,0.16006786740885925,[ 9.         13.6        26.5        15.         10.33333333],14.886666666666665,0.027031969258730623,0.904193867876921,-0.004817328832557093,0.21660636706330477,0.7442945951162775,-2.6201017679236163,-0.05954036450090873,0.1827084095805703,-0.03382558217914073,-0.12836900417103106,0.08999660102145025,0.004975107449162914,0.030658103121562964
